{                                                 
	"lookup": "autorule-stateless",            
	"commands": [                                
	{                                              
		"insert": {                              
			"return-object": true,               
			"object": {                          
				"org.jackzeng.autobean.Bean233": { 
					"field234": "String",        
					"field235":102.0,              
					"field236":true,               
					"fild237":100                  
				}                                  
			}                                      
		}                                          
	},                                             
	                                               
	{                                              
		"fire-all-rules": ""                   
	},                                             
	{                                              
			"get-objects":{                      
                "out-identifier":"myobject"   
            }                                     
	}                                              
	                                               
	]                                              
}                                                 