{                                                 
	"lookup": "autorule-stateless",            
	"commands": [                                
	{                                              
		"insert": {                              
			"return-object": true,               
			"object": {                          
				"org.jackzeng.autobean.Bean121": { 
					"field122": "String",        
					"field123":102.0,              
					"field124":true,               
					"fild125":100                  
				}                                  
			}                                      
		}                                          
	},                                             
	                                               
	{                                              
		"fire-all-rules": ""                   
	},                                             
	{                                              
			"get-objects":{                      
                "out-identifier":"myobject"   
            }                                     
	}                                              
	                                               
	]                                              
}                                                 