{                                                 
	"lookup": "kie-performance-stateless",            
	"commands": [                                
	{                                              
		"insert": {                              
			"return-object": true,               
			"object": {                          
				"org.jackzeng.politician.Politician": { 
					"name": "jackZeng",        
					"honest":true            
					               
				}                                  
			}                                      
		}                                          
	},                                             
	                                               
	{                                              
		"fire-all-rules": ""                   
	},                                             
	{                                              
			"get-objects":{                      
                "out-identifier":"myobject"   
            }                                     
	}                                              
	                                               
	]                                              
}                                                 