{                                                 
	"lookup": "ks-qyj-multiloan-stateless",            
	"commands": [                                
	{                                              
		"insert": {                              
			"return-object": true,               
			"object": {                          
				"qyj.bomentity.QyjMultiloanBom": { 
					"basicFeature":{
						"age":1
					}             
				}                                  
			}                                      
		}                                          
	}, 
	{                                              
		"insert": {                              
			"return-object": true,               
			"object": {                          
				"qyj.ruleresult.CreditResult": { 
				}                                  
			}                                      
		}                                          
	}, 
	                                               
	{                                              
		"fire-all-rules": ""                   
	},                                             
	{                                              
			"get-objects":{                      
                "out-identifier":"myobject"   
            }                                     
	}                                              
	                                               
	]                                              
}                                                 